Please evaluate and grade it.,Hãy đánh giá và chấm điểm nhé.,
Save,Lưu,
$dayjs,$dayjs,
% completed,% hoàn thành,
A course cannot have both paid certificate and certificate of completion.,Một khóa học không thể có cả chứng chỉ trả phí và chứng chỉ hoàn thành.,
A one line introduction to the course that appears on the course card,Giới thiệu một dòng về khóa học trên thẻ khóa học,
About,Về,
About this batch,Về đợt học này,
Acceptance for Terms and/or Policies,Chấp nhận Điều khoản và Chính sách,
Accepted,Đã chấp nhận,
Account ID,ID tài khoản,
Achievements,Thành tích,
Active,Hoạt động,
Add,Thêm,
Add Chapter,Thêm chương,
Add Lesson,Thêm bài học,
Add Slot,Thêm chỗ trống,
Add a Chapter,Thêm một chương,
Add a Lesson,Thêm một bài học,
Add a Student,Thêm học viên,
Add a course,Thêm một khóa học,
Add a keyword and then press enter,Thêm từ khóa rồi nhấn Enter,
Add a new question,Thêm câu hỏi mới,
Add a quiz to your lesson,Thêm quiz vào bài học,
Add an assessment,Thêm bài kiểm tra,
Add an assignment to your lesson,Thêm bài tập vào bài học,
Add an existing question,Thêm câu hỏi đã có,
Add at least one possible answer for this question: {0},Thêm ít nhất một câu trả lời cho câu hỏi này: {0},
Add web page to sidebar,Thêm trang web vào thanh bên,
Add your assignment as {0},Thêm bài tập của bạn là {0},
Address,Địa chỉ,
Address Line 1,Địa chỉ 1,
Address Line 2,Địa chỉ 2,
Admin,Quản trị viên,
All,Tất cả,
All Batches,Tất cả các đợt học,
All Certified Participants,Tất cả người tham gia được chứng nhận,
All Courses,Tất cả các khóa học,
All Feedback,Tất cả phản hồi,
All Submissions,Tất cả bài nộp,
All questions should have the same marks if the limit is set.,Tất cả các câu hỏi phải có cùng số điểm nếu giới hạn được đặt ra.,
Allow Guest Access,Cho phép khách truy cập,
Allow Job Posting From Website,Cho phép đăng tin tuyển dụng từ trang web,
Allow Self Enrollment,Cho phép đăng ký tự động,
Allow accessing future dates,Cho phép truy cập ngày trong tương lai,
Allow self enrollment,Cho phép tự đăng ký,
Already Registered,Đã đăng ký,
Amount,Số tiền,
Amount (USD),Số tiền (USD),
Amount and currency are required for paid batches.,Số lượng và loại tiền tệ là bắt buộc đối với các đợt thanh toán.,
Amount and currency are required for paid certificates.,Số tiền và loại tiền tệ là bắt buộc đối với chứng chỉ đã thanh toán.,
Amount and currency are required for paid courses.,Số tiền và loại tiền tệ là bắt buộc đối với các khóa học trả phí.,
Amount with GST,Số tiền bao gồm thuế GST,
Announcement,Thông báo,
Announcement has been sent successfully,Thông báo đã được gửi thành công,
Answer,Trả lời,
Appears on the course card in the course list,Xuất hiện trên thẻ khóa học trong danh sách,
Appears when the batch URL is shared on any online platform,Xuất hiện khi URL khóa học được chia sẻ trên nền tảng trực tuyến,
Applications Received,Đơn đăng ký đã nhận,
Apply,Áp dụng,
Apply GST for India,Áp dụng GST cho Ấn Độ,
Apply Rounding on Equivalent,Áp dụng làm tròn trên giá trị tương đương,
Apply for this job,Nộp đơn ứng tuyển,
Approved,Đã phê duyệt,
Apps,Ứng dụng,
Archived,Đã lưu trữ,
Are you sure you want to cancel this evaluation? This action cannot be undone.,Bạn có chắc chắn muốn hủy đánh giá này không? Hành động này không thể hoàn tác.,
Are you sure you want to login to your Frappe Cloud dashboard?,Bạn có chắc chắn muốn đăng nhập vào bảng điều khiển Frappe Cloud không?,
Ask User Category during Signup,Hỏi về loại người dùng khi đăng ký,
Assessment,Bài kiểm tra,
Assessment Name,Tên bài kiểm tra,
Assessment Type,Loại bài kiểm tra,
Assessment added successfully,Bài kiểm tra đã được thêm thành công,
Assessment {0} has already been added to this batch.,Bài kiểm tra {0} đã được thêm vào khóa học này.,
Assessments,Các bài kiểm tra,
Assign,Phân công,
Assignment,Bài tập,
Assignment Attachment,Tệp đính kèm bài tập,
Assignment Submission Template,Mẫu nộp bài tập,
Assignment Title,Tiêu đề bài tập,
Assignment for Lesson {0} by {1} already exists.,Bài tập cho Bài {0} của {1} đã tồn tại.,
Assignment saved successfully,Bài tập đã được lưu thành công,
Assignment will appear at the bottom of the lesson.,Bài tập sẽ hiển thị ở cuối bài học,
Assignments,Bài tập,
At least one option must be correct for this question.,Câu hỏi này cần ít nhất một lựa chọn đúng,
Attire Preference,Sở thích trang phục,
Authorize Google Calendar Access,Cho phép truy cập vào Lịch Google,
Auto Assign,Tự động phân công,
Auto Recording,Tự động ghi âm,
Average Rating,Đánh giá trung bình,
Average of Feedback Received,Trung bình phản hồi nhận được,
Back to Course,Quay lại khóa học,
Badge,Huy hiệu,
Badge Description,Mô tả huy hiệu,
Badge Image,Hình ảnh huy hiệu,
Batch,Đợt học,
Batch Confirmation Template,Mẫu ác nhận khóa học,
Batch Course,Khóa học theo đợt,
Batch Created,Đã tạo khóa học,
Batch Description,Mô tả đợt học,
Batch Details,Chi tiết đợt học,
Batch Details Raw,Chi tiết đợt học gốc,
Batch Evaluator,Người đánh giá đợt học,
Batch Name,Tên đợt học,
Batch Old,Đợt học cũ,
Batch Settings,Thiết lập đợt học,
Batch Start Date:,Ngày bắt đầu khóa học,
Batch Start Reminder,Nhắc nhở bắt đầu đợt học,
Batch Title,Tiêu đề đợt học,
Batch Updated,Cập nhật đợt học,
Batch end date cannot be before the batch start date,Ngày kết thúc đợt học không thể trước ngày bắt đầu,
Batch:,Đợt học:,
Batches,Các đợt học,
Begin Date,Ngày bắt đầu,
Best Regards,Trân trọng,
Billing Details,Chi tiết thanh toán,
Billing Name,Tên người thanh toán,
Bio,Tiểu sử,
Body,Thân hình,
Branch,Chi nhánh,
Business Owner,Chủ doanh nghiệp,
Buy this course,Mua khóa học,
By,Bởi,
CGPA/4,CGPA/4,
Cancel,Hủy,
Cancel this evaluation?,Hủy đánh giá này?,
Cancelled,Đã hủy,
Career Preference Details,Chi tiết sở thích nghề nghiệp,
Category,Danh mục,
Category Name,Tên danh mục,
Certificate,Chứng chỉ,
Certificate Email Template,Mẫu email chứng chỉ,
Certificate Link,Liên kết chứng chỉ,
Certificate of Completion,Chứng chỉ hoàn thành,
Certificate saved successfully,Chứng chỉ đã lưu thành công,
Certificates,Chứng chỉ,
Certificates generated successfully,Chứng chỉ đã được tạo thành công,
Certification,Chứng nhận,
Certification Details,Chi tiết chứng nhận,
Certification Name,Tên chứng nhận,
Certified,Được chứng nhận,
Certified Participants,Người tham gia được chứng nhận,
Change,Thay đổi,
Changes saved successfully,Thay đổi đã được lưu thành công,
Chapter,Chương,
Chapter Reference,Tham khảo bài học,
Chapter added successfully,Chương đã được thêm thành công,
Chapter updated successfully,Chương đã được cập nhật thành công,
Chapters,Chương,
Check,Kiểm tra,
Check Discussion,Kiểm tra bài thảo luận,
Check out the {0} to know more about certification.,Xem {0} để biết thêm về chứng nhận,
Checkout Courses,Kiểm tra các khóa học,
Choices,Lựa chọn,
Choose all answers that apply,Chọn tất cả các câu trả lời đúng,
Choose an icon,Chọn một biểu tượng,
Choose one answer,Chọn một câu trả lời,
City,Thành phố,
Class:,Lớp học:,
Clear,Xóa,
Clear Cache and Reload,Xóa bộ nhớ đệm và tải lại,
Click on the add icon in the editor and select Quiz from the menu. It opens up a dialog, where you can either select a quiz from the list or create a new quiz. When you select the Create New option it redirects you to the quiz creation page.,Nhấp vào biểu tượng thêm trong trình chỉnh sửa và chọn Quiz từ menu. Một hộp thoại sẽ mở ra, nơi bạn có thể chọn bài kiểm tra từ danh sách hoặc tạo bài kiểm tra mới. Khi bạn chọn tùy chọn "Tạo mới", hệ thống sẽ chuyển bạn đến trang tạo bài kiểm tra.,
Client ID,Mã khách hàng,
Client Secret,Mã bí mật của khách hàng,
Closed,Đã đóng,
Cloud,Đám mây,
Code,Mã số,
Cohort,Nhóm học,
Cohort Join Request,Yêu cầu tham gia nhóm,
Cohort Mentor,Cố vấn nhóm học,
Cohort Staff,Nhân viên nhóm học,
Cohort Subgroup,Nhóm con,
Cohort Web Page,Trang web nhóm,
Collaboration Preference,Sở thích hợp tác,
College Name,Tên trường đại học,
Color,Màu sắc,
Comments,Nhận ét,
Comments by Evaluator,Bình luận của Người đánh giá,
Compact Item Print,In mục gọn,
Company,Công ty,
Company Details,Thông tin công ty,
Company Email Address,Địa chỉ email công ty,
Company Logo,Logo công ty,
Company Name,Tên công ty,
Company Type,Loại công ty,
Company Website,Website công ty,
Complete,Hoàn thành,
Complete Sign Up,Hoàn tất đăng ký,
Complete Your Enrollment,Hoàn tất việc ghi danh của bạn,
Complete Your Enrollment - Don't miss out!,Hoàn tất ghi danh - Đừng bỏ lỡ!,
Completed,Đã hoàn thành,
Completed by Students,Hoàn thành bởi học viên,
Completion Certificate,Chứng chỉ hoàn thành,
Completions,Hoàn thành,
Condition,Tình trạng,
Condition must be in valid JSON format.,Điều kiện phải ở định dạng JSON hợp lệ.,
Condition must be valid python code.,Điều kiện phải là mã Python hợp lệ.,
Conduct Evaluation,Tiến hành đánh giá,
Confirm,Xác nhận,
Confirmation Email Sent,Email ác nhận đã gửi,
Confirmation Email Template,Mẫu Email Xác Nhận,
Congratulations on getting certified!,Chúc mừng bạn đã được chứng nhận!,
Contact the Administrator to enroll for this course.,Liên hệ với Quản trị viên để đăng ký khóa học này.,
Content,Nội dung,
Continue Learning,Tiếp tục học,
Contract,Hợp đồng,
Cookie Policy,Chính sách Cookie,
Copy the URL of the video from YouTube and paste it in the editor.,Sao chép URL video từ YouTube và dán vào trình chỉnh sửa.,
Correct,Chính xác,
Correct Answer,Câu trả lời chính ác,
Country,Quốc gia,
Course,Khóa học,
Course Chapter,Chương trình học,
Course Creator,Người tạo khóa học,
Course Description,Mô tả khóa học,
Course Evaluator,Người đánh giá khóa học,
Course Image,Hình ảnh khóa học,
Course Instructor,Giảng viên khóa học,
Course Lesson,Bài học của khóa học,
Course List,Danh sách khóa học,
Course Name,Tên khóa học,
Course Outline,Đại cương khóa học,
Course Progress Summary,Tóm tắt tiến độ khóa học,
Course Settings,Cài đặt khóa học,
Course Title,Tiêu đề khóa học,
Course added to program,Khóa học được thêm vào chương trình,
Course already added to the batch.,Khóa học đã được thêm vào đợt này.,
Course deleted successfully,Khóa học đã xóa thành công,
Course moved successfully,Khóa học đã di chuyển thành công,
Course {0} has already been added to this batch.,Khóa học {0} đã được thêm vào đợt này.,
Courses,Các khóa học,
Courses Completed,Các khóa học đã hoàn thành,
Courses deleted successfully,Các khóa học đã xóa thành công,
Cover Image,Ảnh bìa,
Create,Tạo,
Create Certificate,Tạo chứng chỉ,
Create a Course,Tạo một khóa học,
Create a Live Class,Tạo một lớp học trực tiếp,
Create a new question,Tạo một câu hỏi mới,
Created,Đã tạo,
Currency,Tiền tệ,
Current Lesson,Bài học hiện tại,
Custom HTML,HTML tùy chỉnh,
Custom Script (JavaScript),Tập lệnh tùy chỉnh (JavaScript),
Custom Signup Content,Nội dung đăng ký tùy chỉnh,
Customisations,Tùy chỉnh,
Dashboard,Bảng điều khiển,
Date,Ngày,
Date and Time,Ngày và giờ,
Date:,Ngày:,
Day,Ngày,
Dear,Kính gửi,
Dear,Kính gửi,
Default Currency,Tiền tệ mặc định,
Degree Type,Loại Bằng Cấp,
Delete,Xóa,
Delete Chapter,Xóa chương,
Delete Course,Xóa khóa học,
Delete this chapter?,Bạn có chắc chắn muốn óa chương này?,
Delete this lesson?,Bạn có chắc chắn muốn óa bài học này?,
Deleting the course will also delete all its chapters and lessons. Are you sure you want to delete this course?,Xóa khóa học cũng sẽ xóa tất cả các chương và bài học của khóa học đó. Bạn có chắc chắn muốn xóa khóa học này không?,
Deleting this chapter will also delete all its lessons and permanently remove it from the course. This action cannot be undone. Are you sure you want to continue?,Xóa chương này cũng sẽ xóa tất cả các bài học của chương này và xóa vĩnh viễn khỏi khóa học. Không thể hoàn tác hành động này. Bạn có chắc chắn muốn tiếp tục không?,
Deleting this lesson will permanently remove it from the course. This action cannot be undone. Are you sure you want to continue?,Xóa bài học này sẽ óa vĩnh viễn khỏi khóa học. Hành động này không thể hoàn tác. Bạn có chắc chắn muốn tiếp tục không?,
Description,Mô tả,
Desk,Bàn làm việc,
Details,Chi tiết,
Disable Self Enrollment,Tắt tính năng tự đăng ký,
Disable Self Learning,Tắt tính năng học tự động,
Disabled,Vô hiệu hóa,
Discard,Hủy bỏ,
Discussions,Thảo luận,
Doctype,Loại tài liệu,
Document,Tài liệu,
Documentation,Tài liệu hướng dẫn,
Don’t miss this opportunity to enhance your skills. Click below to complete your enrollment,Đừng bỏ lỡ cơ hội này để nâng cao kỹ năng. Nhấp vào dưới đây để hoàn tất đăng ký,
Dream Companies,Công ty ước mơ,
Duplicate options found for this question.,Tùy chọn trùng lặp cho câu hỏi này,
Duration,Khoảng thời gian,
Duration (in minutes),Thời lượng (tính bằng phút),
Duration of the live class in minutes,Thời lượng của lớp học trực tiếp tính bằng phút,
E-Mail,E-mail,
E-mail,E-mail,
Edit,Chỉnh sửa,
Edit Chapter,Chỉnh sửa chương,
Edit Profile,Chỉnh sửa hồ sơ,
Edit the question,Chỉnh sửa câu hỏi,
Education,Giáo dục,
Education Detail,Chi tiết giáo dục,
Education Details,Thông tin giáo dục,
Email,E-mail,
Email ID,ID Email,
Email Sent,Email đã gửi,
Email Template,Mẫu Email,
Email Templates,Mẫu Email,
Emails,Email,
Employee,Nhân viên,
Enable,Kích hoạt,
Enable Google API in Google Settings to send calendar invites for evaluations.,Kích hoạt Google API trong Cài đặt Google để gửi lời mời đánh giá.,
Enable Learning Paths,Kích hoạt lộ trình học tập,
Enable this only if you want to upload a SCORM package as a chapter.,Chỉ bật tính năng này nếu bạn muốn tải lên gói SCORM dưới dạng một chương.,
Enabled,Đã kích hoạt,
Enabling this will publish the certificate on the certified participants page.,Bật tính năng này sẽ công bố chứng chỉ trên trang người tham gia được chứng nhận.,
End Date,Ngày kết thúc,
End Date (or expected),Ngày kết thúc (hoặc dự kiến),
End Time,Thời gian kết thúc,
Enroll Now,Đăng ký ngay,
Enrolled,Đã đăng ký,
Enrolled Students,Học viên đã đăng ký,
Enrolled successfully,Đã đăng ký thành công,
Enrollment Confirmation for {0},Xác nhận đăng ký cho {0},
Enrollment Count,Số lượng đăng ký,
Enrollment Failed,Đăng ký không thành công,
Enrollments,Đăng ký,
Enter Client Id and Client Secret in Google Settings to send calendar invites for evaluations.,Nhập ID khách hàng và Bí mật khách hàng vào Cài đặt Google để gửi lời mời lịch đánh giá.,
Enter a URL,Nhập URL,
Enter a title and save the quiz to proceed,Nhập tiêu đề và lưu bài kiểm tra để tiếp tục,
Enter the correct answer,Nhập câu trả lời chính ác,
Error,Lỗi,
Error creating live class. Please try again. {0},Lỗi khi tạo lớp học trực tiếp. Vui lòng thử lại. {0},
Evaluation,Đánh giá,
Evaluation Details,Chi tiết về đánh giá,
Evaluation End Date,Ngày kết thúc đánh giá,
Evaluation end date cannot be less than the batch end date.,Ngày kết thúc đánh giá không thể sớm hơn ngày kết thúc lớp học.,
Evaluation saved successfully,Đánh giá đã được lưu thành công,
Evaluator,Người đánh giá,
Evaluator Name,Tên người đánh giá,
Evaluator Schedule,Lịch trình đánh giá,
Evaluator is Unavailable,Người đánh giá không có mặt,
Evaluator is required for paid certificates.,Chứng chỉ trả phí cần có người đánh giá.,
Event,Sự kiện,
Example: IST (+5:30),Ví dụ: IST (+5:30),
Exercise,Bài tập,
Exercise Latest Submission,Bài tập nộp gần nhất,
Exercise Submission,Bài tập đã nộp,
Exercise Title,Tiêu đề bài tập,
Expiration Date,Ngày hết hạn,
Expiry Date,Ngày hết hạn,
Explanation,Giải thích,
Explanation,Giải thích,
Explore More,Khám phá thêm,
Fail,Thất bại,
Featured,Nổi bật,
Feedback,Phản hồi,
Feel free to make edits to your submission if needed.,Bạn có thể chỉnh sửa bài nộp của mình nếu cần.,
Field To Check,Trường cần kiểm tra,
Field of Major/Study,Ngành học chính,
File Type,Loại tập tin,
Find the perfect job for you,Tìm công việc phù hợp cho bạn,
First Name,Tên,
Form to create and edit quizzes,Biểu mẫu để tạo và chỉnh sửa bài kiểm tra,
Frappe School,Trường Frappe,
Frappe Support,Hỗ trợ Frappe,
Free,Miễn phí,
Freelance,Làm việc tự do,
Freelancer/Just looking,Người làm việc tự do/Chỉ tìm kiếm,
French (e.g. Distinction),Tiếng Pháp (ví dụ: Distinction),
Friday,Thứ sáu,
From,Từ,
From Date,Từ ngày,
Full Name,Họ và tên đầy đủ,
Full Time,Toàn thời gian,
Function,Chức năng,
GST Amount,Số tiền GST,
GST Number,Số GST,
GSTIN,Mã số GSTIN,
General,Tổng quan,
Generate Certificates,Tạo chứng chỉ,
Generate Google Meet Link,Tạo liên kết Google Meet,
Get Certificate,Lấy chứng chỉ,
Get Certified,Nhận chứng nhận,
Get Started,Bắt đầu,
Github ID,Mã Github,
Global Shortcuts,Phím tắt toàn cầu,
Google Meet Link,Liên kết Google Meet,
Grade,Điểm số,
Grade Assignment,Chấm điểm bài tập,
Grade Type,Loại bài kiểm tra,
Grading,Xếp loại,
Grant only once,Chỉ cấp một lần,
Grid Shortcuts,Phím tắt lưới,
Have an account? Login,Đã có tài khoản? Đăng nhập,
Headline,Tiêu đề,
Hello,Xin chào,
Help Us Improve,Giúp chúng tôi cải thiện,
Help others learn something new by creating a course.,Giúp người khác học điều mới qua việc tạo khóa học.,
Help us improve our course material.,Hãy giúp chúng tôi cải thiện tài liệu khóa học.,
Hey {0},Này {0},
Hey,,Chào,,
Hi,Chào,
Hi {0},,Xin chào {0},,
Hi,,Chào,,
Hide my Private Information from others,Ẩn thông tin cá nhân của tôi khỏi người khác,
Hints,Gợi ý,
Host,Chủ trì,
How to add a Quiz?,Làm thế nào để thêm Bài kiểm tra?,
I am currently working here,Tôi đang làm việc tại đây,
I am delighted to inform you that you have successfully earned your certification for the {0} course. Congratulations!,Tôi vui mừng thông báo bạn đã nhận chứng chỉ cho khóa học {0}. Chúc mừng!,
I am looking for a job,Tôi đang tìm việc làm,
I am unavailable,Tôi không có mặt,
ID,Mã định danh,
Icon,Biểu tượng,
If Include in Preview is enabled for a lesson then the lesson will also be accessible to non logged in users.,Nếu tính năng "Bao gồm trong Bản em trước" được bật, bài học cũng sẽ có thể truy cập cho người dùng chưa đăng nhập.,
If you are not any more interested to mentor the course,Nếu bạn không còn quan tâm đến việc hướng dẫn khóa học.,
If you fail to do so, the quiz will be automatically submitted when the timer ends.,Nếu bạn không làm như vậy, bài kiểm tra sẽ tự động được nộp khi hết thời gian.,
If you have any questions or need assistance, feel free to reach out to our support team.,Nếu bạn có bất kỳ câu hỏi nào hoặc cần trợ giúp, vui lòng liên hệ với nhóm hỗ trợ của chúng tôi.,
If you have any questions or require assistance, feel free to contact us.,Nếu bạn có bất kỳ câu hỏi hoặc cần hỗ trợ, vui lòng liên hệ với chúng tôi.,
If you set an amount here, then the USD equivalent setting will not get applied.,Nếu bạn thiết lập số tiền ở đây, thì cài đặt tương đương USD sẽ không được áp dụng.,
If you want open ended questions then make sure each question in the quiz is of open ended type.,Nếu bạn muốn câu hỏi mở thì hãy đảm bảo rằng mỗi câu hỏi trong bài kiểm tra đều là câu hỏi mở.,
Image,Hình ảnh,
Image search powered by,Tìm kiếm hình ảnh được hỗ trợ bởi,
Image: Corrupted Data Stream,Hình ảnh: Luồng dữ liệu bị hỏng,
In Progress,Đang tiến hành,
Inactive,Không hoạt động,
Include In Preview,Bao gồm trong bản xem trước,
Incomplete,Chưa hoàn thành,
Incorrect,Không đúng,
Index,Chỉ mục,
Index Label,Nhãn chỉ mục,
Industry,Ngành công nghiệp,
Institution Name,Tên tổ chức,
Instructor,Giảng viên,
Instructor Content,Nội dung của giảng viên,
Instructor Notes,Ghi chú của giảng viên,
Instructors,Giảng viên,
Instructors Comments,Nhận ét của giảng viên,
Invalid Invite Code.,Mã mời không hợp lệ.,
Invalid Quiz ID,ID bài kiểm tra không hợp lệ,
Invite Code,Mã mời,
Invite Email,Mời qua Email,
Invite Only,Mời riêng,
Invite Request,Yêu cầu mời,
Is Billing Contact,Là người liên hệ thanh toán,
Is Correct,Đúng,
Is Onboarding Complete,Đã hoàn tất quá trình Onboarding,
Is SCORM Package,Là gói SCORM,
Is Your Company Address,Địa chỉ công ty của bạn,
Issue Date,Ngày phát hành,
Issued On,Đã ban hành vào,
Issued on,Đã ban hành vào,
Items in Sidebar,Các mục trong thanh công cụ,
Items removed successfully,Đã xóa thành công các mục,
Jane Doe,Jane Doe,
Job,Công việc,
Job Board Subtitle,Tiêu đề phụ bảng tuyển dụng,
Job Board Title,Tiêu đề bảng tuyển dụng,
Job Details,Chi tiết công việc,
Job Openings,Việc làm đang tuyển dụng,
Job Opportunity,Cơ hội việc làm,
Job Settings,Cài đặt công việc,
Job Title,Chức danh công việc,
Jobs,Công việc,
Join,Tham gia,
Join Call,Tham gia cuộc gọi,
Join Meeting,Tham gia cuộc họp,
Join URL,Tham gia URL,
Keyboard Shortcuts,Phím tắt,
LMS,Hệ thống quản lý học tập (LMS),
LMS Assessment,Đánh giá hệ thống LMS,
LMS Assignment,Bài tập trong LMS,
LMS Assignment Submission,Nộp bài tập trong LMS,
LMS Badge,Huy hiệu trong LMS,
LMS Badge Assignment,Giao huy hiệu trong LMS,
LMS Batch,Đợt học trong LMS,
LMS Batch Enrollment,Đăng ký khóa học hàng loạt LMS,
LMS Batch Feedback,Phản hồi từ khóa học hàng loạt LMS,
LMS Batch Old,Đợt học cũ trong LMS,
LMS Batch Timetable,Lịch trình lớp học LMS,
LMS Category,Danh mục LMS,
LMS Certificate,Chứng chỉ LMS,
LMS Certificate Evaluation,Đánh giá chứng chỉ LMS,
LMS Certificate Request,Yêu cầu cấp chứng chỉ LMS,
LMS Course,Khóa học trong LMS,
LMS Course Interest,Sở thích về khóa học LMS,
LMS Course Mentor Mapping,Sắp ếp cố vấn khóa học LMS,
LMS Course Progress,Tiến độ trong khóa học LMS,
LMS Course Review,Đánh giá khóa học LMS,
LMS Enrollment,Đăng ký trong LMS,
LMS Exercise,Bài tập trong LMS,
LMS Job Application,Đơn in việc trong LMS,
LMS Live Class,Lớp học trực tuyến trong LMS,
LMS Mentor Request,Yêu cầu cố vấn trong LMS,
LMS Option,Các tùy chọn trong LMS,
LMS Payment,Thanh toán qua LMS,
LMS Program,Chương trình trong LMS,
LMS Program Course,Khóa học của chương trình LMS,
LMS Program Member,Thành viên trong chương trình LMS,
LMS Question,Câu hỏi trong LMS,
LMS Quiz,Kiểm tra trong LMS,
LMS Quiz Question,Câu hỏi trắc nghiệm LMS,
LMS Quiz Result,Kết quả bài kiểm tra LMS,
LMS Quiz Submission,Nộp bài kiểm tra trong LMS,
LMS Settings,Cài đặt LMS,
LMS Sidebar Item,Mục trong thanh bên LMS,
LMS Source,Nguồn LMS,
LMS Student,Học viên LMS,
LMS Timetable Legend,Chú giải lịch học LMS,
LMS Timetable Template,Mẫu thời khóa biểu trong LMS,
Label,Nhãn,
Last Name,Họ,
Latest Submission,Bài nộp mới nhất,
Launch File,Khởi chạy tập tin,
Length of passed data array is greater than value of maximum allowed label points!,Chiều dài của mảng dữ liệu được truyền lớn hơn giá trị của số điểm nhãn tối đa được phép!,
Lesson,Bài học,
Lesson Reference,Bài học tham khảo,
Lesson Title,Tiêu đề bài học,
Lessons,Bài học,
Lessons Completed,Bài học đã hoàn thành,
Lets start setting up your content on the LMS so that you can reclaim time and focus on growth.,Hãy bắt đầu thiết lập nội dung trên LMS để bạn có thể tiết kiệm thời gian và tập trung vào phát triển.,
Letter Grade (e.g. A, B-),Điểm chữ (ví dụ A, B-),
Limit Questions To,Giới hạn số câu hỏi,
Limit cannot be greater than or equal to the number of questions in the quiz.,Giới hạn không được lớn hơn hoặc bằng số câu hỏi trong bài kiểm tra.,
LinkedIn,Linkedin,
LinkedIn ID,ID LinkedIn,
List of quizzes,Danh sách các câu đố,
Live,Trực tiếp,
Live Class,Lớp học trực tiếp,
LiveCode URL,URL LiveCode,
Load More,Tải thêm,
Local,Địa phương,
Location,Vị trí,
Location Preference,Sở thích vị trí,
Log out,Đăng xuất,
Login,Đăng nhập,
Login to Frappe Cloud?,Đăng nhập vào Frappe Cloud?,
Login to apply,Đăng nhập để đăng ký,
Looking forward to seeing you enrolled!,Rất mong được thấy bạn tham gia!,
Make LMS the default home,Đặt LMS làm trang chủ mặc định,
Make an Announcement,Tạo thông báo,
Make sure to enter the correct billing name as the same will be used in your invoice.,Hãy đảm bảo nhập đúng tên thanh toán vì tên này sẽ được sử dụng trên hóa đơn của bạn.,
Manage Batch,Quản lý đợt học,
Manager,Quản lý,
Manager (Sales/Marketing/Customer),Quản lý (Bán hàng/Tiếp thị/Khách hàng),
Manifest File,Tệp kê khai,
Mark,Đánh dấu,
Mark all as read,Đánh dấu tất cả là đã đọc,
Mark as read,Đánh dấu là đã đọc,
Marks,Điểm số,
Marks for question number {0} cannot be greater than the marks allotted for that question.,Điểm cho câu hỏi số {0} không thể lớn hơn số điểm được phân bổ cho câu hỏi đó.,
Marks out of,Điểm tối đa,
Max Attempts,Số lần thử tối đa,
Maximum Attempts,Số lần thử tối đa,
Medium,Trung bình,
Medium ID,ID trung bình,
Medium:,Trung bình:,
Member,Thành viên,
Member Cohort,Nhóm thành viên,
Member Email,Email thành viên,
Member Image,Hình ảnh thành viên,
Member Name,Tên thành viên,
Member Subgroup,Nhóm thành viên phụ,
Member Type,Loại thành viên,
Member Username,Tên đăng nhập thành viên,
Member added to program,Thành viên đã được thêm vào chương trình,
Member already enrolled in this batch,Thành viên đã đăng ký vào đợt này,
Member {0} has already been added to this batch.,Thành viên {0} đã được thêm vào đợt này.,
Membership,Thành viên,
Memeber Username,Tên đăng nhập của thành viên,
Mentor,Người hướng dẫn,
Mentor Name,Tên cố vấn,
Mentor Request,Yêu cầu tư vấn,
Mentor Request Creation Template,Mẫu tạo yêu cầu tư vấn,
Mentor Request Status Update Template,Mẫu cập nhật trạng thái yêu cầu tư vấn,
Meta Image,Hình ảnh đại diện,
Milestone,Mốc quan trọng,
Milestones,Các mốc quan trọng,
Minimum two options are required for multiple choice questions.,Đối với các câu hỏi trắc nghiệm, cần có ít nhất hai phương án trả lời.,
Moderator,Người điều phối,
Modified By,Được chỉnh sửa bởi,
Module Name is incorrect or does not exist.,Tên mô-đun không hợp lệ hoặc không tồn tại.,
Module is incorrect.,Mô-đun không hợp lệ,
Monday,Thứ hai,
More,Thêm,
Multiple Correct Answers,Nhiều câu trả lời đúng,
My Profile,Hồ sơ của tôi,
My Settings,Cài đặt của tôi,
My availability,Tình trạng sẵn có của tôi,
My calendar,Lịch của tôi,
Navigate Home,Điều hướng về Trang chủ,
New,Mới,
New Assignment,Bài tập mới,
New Assignment Submission,Nộp bài tập mới,
New Batch,Đợt học mới,
New Course,Khóa học mới,
New Job,Công việc mới,
New Job Applicant,Ứng viên xin việc mới,
New Program,Chương trình mới,
New Program Course,Khóa học trong chương trình mới,
New Program Member,Thành viên trong chương trình mới,
New Question,Câu hỏi mới,
New Quiz,Bài kiểm tra mới,
New Sign Up,Đăng ký mới,
New comment in batch {0},Bình luận mới trong đợt {0},
New reply on the topic {0} in course {1},Trả lời mới về chủ đề {0} trong khóa học {1},
New {0},Mới {0},
Next,Tiếp theo,
Next Question,Câu hỏi tiếp theo,
No Assessments,Không có đánh giá,
No Notifications,Không có thông báo,
No Quiz submissions found,Không tìm thấy bài kiểm tra nào,
No Recording,Không có bản ghi,
No Upcoming Evaluations,Không có đánh giá sắp tới,
No announcements,Không có thông báo,
No assignments found,Không tìm thấy bài tập nào,
No batches found,Không tìm thấy đợt học,
No certificates,Không có chứng chỉ,
No courses created,Không có khóa học nào được tạo,
No courses found,Không tìm thấy khóa học nào,
No courses in this program,Không có khóa học nào trong chương trình này,
No courses under review,Không có khóa học nào đang được ét duyệt,
No feedback received yet.,Chưa nhận được phản hồi nào.,
No introduction,Không có giới thiệu,
No jobs posted,Không có việc làm nào được đăng,
No live classes scheduled,Không có lớp học trực tiếp nào được lên lịch,
No participants found,Không tìm thấy người tham gia,
No programs found,Không tìm thấy chương trình nào,
No quizzes found,Không tìm thấy câu đố nào,
No slots available for this date.,Không có chỗ trống cho ngày này.,
No submissions,Không có bài nộp,
No {0},Không {0},
No.,STT,
Not Allowed,Không được phép,
Not Applicable,Không áp dụng,
Not Attempted,Chưa thực hiện,
Not Available for Preview,Không có sẵn để xem trước,
Not Graded,Chưa được chấm điểm,
Not Permitted,Không được phép,
Not Saved,Chưa lưu,
Nothing to see here.,Không có gì để em,
Notifications,Thông báo,
Notify me when available,Thông báo cho tôi khi có sẵn,
Number of seats available,Số lượng chỗ ngồi có sẵn,
OAuth Client ID,Mã khách hàng OAuth,
Offline,Ngoại tuyến,
Once again, congratulations on this significant accomplishment.,Một lần nữa, chúc mừng bạn vì thành tựu quan trọng này.,
Once the moderator grades your submission, you'll find the details here.,Sau khi người kiểm duyệt chấm điểm bài nộp của bạn, thông tin chi tiết sẽ có ở đây.,
Online,Trực tuyến,
Only courses for which self learning is disabled can be added to program.,Chỉ những khóa học không bật chức năng tự học mới có thể được thêm vào chương trình.,
Only files of type {0} will be accepted.,Chỉ chấp nhận các tệp có loại {0}.,
Only image file is allowed.,Chỉ chấp nhận tệp hình ảnh.,
Only zip files are allowed,Chỉ cho phép các tập tin zip,
Open,Mở,
Open Assignment,Mở bài tập,
Open Awesomebar,Mở thanh công cụ Awesomebar,
Open Course,Mở khóa học,
Open Ended,Câu hỏi mở,
Open Help,Mở trợ giúp,
Open Settings,Mở Cài đặt,
Option,Lựa chọn,
Option 1,Lựa chọn 1,
Option 2,Lựa chọn 2,
Option 3,Lựa chọn 3,
Option 4,Lựa chọn 4,
Order ID,Mã đơn hàng,
Organisation,Tổ chức,
Organization,Tổ chức,
Original Amount,Số tiền ban đầu,
Others,Người khác,
Owner,Chủ sở hữu,
PAN,Mã số PAN,
PDF,PDF,
Page Shortcuts,Phím tắt trang,
Pages,Các trang,
Paid Batch,Đợt học đã thanh toán,
Paid Certificate,Chứng chỉ trả phí,
Paid Certificate after Evaluation,Chứng chỉ trả phí sau khi đánh giá,
Paid Course,Khóa học trả phí,
Pan Number,Số Pan,
Part Time,Bán thời gian,
Partially Complete,Hoàn thành một phần,
Pass,Vượt qua,
Passing Percentage,Tỷ lệ vượt qua,
Password,Mật khẩu,
Paste the youtube link of a short video introducing the course,Dán liên kết youtube của một video ngắn giới thiệu khóa học,
Payment,Thanh toán,
Payment Country,Quốc gia thanh toán,
Payment Details,Thông tin thanh toán,
Payment Gateway,Cổng thanh toán,
Payment ID,Mã số thanh toán,
Payment Received,Thanh toán đã nhận,
Payment Reminder Template,Mẫu nhắc nhở thanh toán,
Payment Settings,Cài đặt thanh toán,
Payment for,Thanh toán cho,
Payment for Certificate,Thanh toán cho chứng chỉ,
Payment for Document,Thanh toán cho Tài liệu,
Payment for Document Type,Thanh toán cho loại tài liệu,
Payments app is not installed,Ứng dụng thanh toán chưa được cài đặt,
Pending,Chờ ử lý,
Percentage,Phần trăm,
Percentage (e.g. 70%),Phần trăm (ví dụ 70%),
Percentage/Status,Phần trăm/Trạng thái,
Phone Number,Số điện thoại,
Please Login,Vui lòng đăng nhập,
Please add <a href='{0}'>{1}</a> for <a href='{2}'>{3}</a> to send calendar invites for evaluations.,Vui lòng thêm <a href='{0}'>{1}</a> cho <a href='{2}'>{3}</a> để gửi lời mời tham gia đánh giá.,
Please ask your administrator to verify your sign-up,Vui lòng yêu cầu người quản trị ác minh đăng ký của bạn,
Please check your email for verification,Vui lòng kiểm tra email của bạn để xác minh,
Please click on the following button to set your new password,Vui lòng nhấp vào nút sau để đặt mật khẩu mới của bạn,
Please complete the previous courses in the program to enroll in this course.,Vui lòng hoàn thành các khóa học trước đó trong chương trình để đăng ký khóa học này.,
Please enable Zoom Settings to use this feature.,Vui lòng bật Cài đặt Zoom để sử dụng tính năng này.,
Please enroll for this course to view this lesson,Vui lòng đăng ký khóa học này để xem bài học này,
Please ensure that you complete all the questions in {0} minutes.,Hãy đảm bảo rằng bạn hoàn thành tất cả các câu hỏi trong {0} phút.,
Please enter a title.,Vui lòng nhập tiêu đề.,
Please enter a valid URL.,Vui lòng nhập URL hợp lệ.,
Please enter a valid time in the format HH:mm.,Vui lòng nhập thời gian hợp lệ theo định dạng HH:mm.,
Please enter the URL for assignment submission.,Vui lòng nhập URL để nộp bài tập.,
Please enter your answer,Vui lòng nhập câu trả lời của bạn,
Please install the Payments app to create a paid batches.,Vui lòng cài đặt ứng dụng Thanh toán để tạo các đợt thanh toán.,
Please install the Payments app to create a paid courses.,Vui lòng cài đặt ứng dụng Thanh toán để tạo khóa học trả phí.,
Please let us know where you heard about us from.,Vui lòng cho chúng tôi biết bạn biết đến chúng tôi từ đâu.,
Please login to access the assignment.,Vui lòng đăng nhập để truy cập bài tập.,
Please login to access the quiz.,Vui lòng đăng nhập để tham gia bài kiểm tra.,
Please login to access this page.,Vui lòng đăng nhập để truy cập trang này.,
Please login to continue with payment.,Vui lòng đăng nhập để tiếp tục thanh toán.,
Please prepare well and be on time for the evaluations.,Hãy chuẩn bị kỹ lưỡng và đến đúng giờ để tham gia đánh giá.,
Please schedule an evaluation to get certified.,Vui lòng lên lịch đánh giá để được cấp chứng nhận.,
Please select a date.,Vui lòng chọn ngày.,
Please select a duration.,Vui lòng chọn thời gian,
Please select a future date and time.,Vui lòng chọn ngày và giờ trong tương lai.,
Please select a time.,Vui lòng chọn thời gian.,
Please select a timezone.,Vui lòng chọn múi giờ.,
Please take appropriate action at {0},Vui lòng thực hiện hành động thích hợp tại {0},
Please upload a SCORM package,Vui lòng tải lên một gói SCORM,
Please upload the assignment file.,Vui lòng tải lên tệp bài tập.,
Point of Score (e.g. 70),Điểm số (ví dụ 70),
Possibility,Khả năng,
Possible Answer 1,Câu trả lời có thể 1,
Possible Answer 2,Câu trả lời có thể 2,
Possible Answer 3,Câu trả lời có thể 3,
Possible Answer 4,Câu trả lời có thể 4,
Post,Bài đăng,
Postal Code,Mã bưu chính,
Posted on,Được đăng vào,
Preferred Function,Chức năng ưu tiên,
Preferred Functions,Các chức năng ưu tiên,
Preferred Industries,Ngành công nghiệp ưu tiên,
Preferred Industry,Ngành nghề ưa thích,
Preferred Location,Vị trí ưu tiên,
Press Alt Key to trigger additional shortcuts in Menu and Sidebar,Nhấn phím Alt để kích hoạt các phím tắt bổ sung trong Menu và Thanh bên,
Preview Image,Hình ảnh em trước,
Preview Video,Video xem trước,
Previous,Trước,
Pricing,Giá cả,
Pricing and Certification,Giá cả và chứng nhận,
Primary Countries,Các quốc gia chính,
Primary Subgroup,Nhóm phụ chính,
Print UOM after Quantity,In Đơn vị tính sau số lượng,
Print taxes with zero amount,In thuế với số tiền bằng 0,
Privacy Policy,Chính sách bảo mật,
Private,Riêng tư,
Private Information includes your Grade and Work Environment Preferences,Thông tin cá nhân bao gồm điểm số và sở thích về môi trường làm việc,
Proceed to Payment,Tiến hành thanh toán,
Profession,Nghề nghiệp,
Profile Image,Ảnh đại diện,
Program Course,Khóa học trong chương trình,
Program Courses,Các khóa học trong chương trìn,
Program Member,Thành viên trong chương trình,
Program Members,Các thành viên trong chương trình,
Progress,Tiến triển,
Progress (%),Tiến triển (%),
Public,Công khai,
Publish on Participant Page,Xuất bản trên Trang người tham gia,
Published,Đã xuất bản,
Published Courses,Các khóa học đã xuất bản,
Published On,Đã xuất bản trên,
Purchased Certificate,Chứng chỉ đã mua,
Question,Câu hỏi,
Question,Câu hỏi,
Question Detail,Chi tiết câu hỏi,
Question Name,Tên câu hỏi,
Question added successfully,Câu hỏi đã được thêm thành công,
Question updated successfully,Câu hỏi đã được cập nhật thành công,
Question {0},Câu hỏi {0},
Question {0} of {1},Câu hỏi {0} của {1},
Questions,Câu hỏi,
Questions deleted successfully,Câu hỏi đã được xóa thành công,
Quiz,Đố vui,
Quiz ID,Mã số bài kiểm tra,
Quiz Submission,Nộp bài kiểm tra,
Quiz Submissions,Nộp bài kiểm tra,
Quiz Summary,Tóm tắt bài kiểm tra,
Quiz Title,Tiêu đề bài kiểm tra,
Quiz created successfully,Bài kiểm tra đã được tạo thành công,
Quiz is not available to Guest users. Please login to continue.,Bài kiểm tra không có sẵn cho người dùng khách. Vui lòng đăng nhập để tiếp tục.,
Quiz updated successfully,Bài kiểm tra đã được cập nhật thành công,
Quiz will appear at the bottom of the lesson.,Bài kiểm tra sẽ xuất hiện ở cuối bài học.,
Quizzes,Bài kiểm tra,
RadioGroupOption,Tùy chọn RadioGroup,
Rating,Xếp hạng,
Rating cannot be 0,Xếp hạng không thể là 0,
Ready,Sẵn sàng,
Reference DocName,Tài liệu tham khảo,
Reference DocType,Tài liệu tham khảo,
Reference Document Type,Loại tài liệu tham khảo,
Regards,Trân trọng,
Register Now,Đăng ký ngay,
Registered,Đăng ký,
Registered but disabled,Đã đăng ký nhưng bị vô hiệu hóa,
Rejected,Bị từ chối,
Related Courses,Các khóa học liên quan,
Reload,Tải lại,
Remove,Xóa,
Reply To,Trả lời,
Report an Issue,Báo cáo sự cố,
Request Invite,Yêu cầu gửi mời,
Request for Mentorship,Yêu cầu cố vấn,
Required Role,Vai trò bắt buộc,
Restricted,Hạn chế,
Result,Kết quả,
Resume,Sơ yếu lý lịch,
Review,Đánh giá,
Review the course,Xem lại khóa học,
Reviewed By,Đã được đánh giá bởi,
Reviews,Đánh giá,
Role,Vai trò,
Role Preference,Sở thích vai trò,
Route,Lộ trình,
Row #{0} Date cannot be outside the batch duration.,Dòng #{0} Ngày không được ngoài thời gian của đợt học.,
Row #{0} End time cannot be outside the batch duration.,Dòng #{0} Thời gian kết thúc không được ngoài thời gian của đợt học.,
Row #{0} Start time cannot be greater than or equal to end time.,Dòng #{0} Thời gian bắt đầu không thể lớn hơn hoặc bằng thời gian kết thúc.,
Row #{0} Start time cannot be outside the batch duration.,Dòng #{0} Thời gian bắt đầu không được ngoài thời gian của đợt học.,
Rows {0} have the duplicate questions.,Hàng {0} có các câu hỏi trùng lặp.,
Run,Thực hiện,
SCORM,SCORM,
SCORM Package,Gói SCORM,
SCORM Package Path,Đường dẫn gói SCORM,
Saturday,Thứ bảy,
Save,Lưu,
Schedule,Lịch trình,
Schedule Evaluation,Đánh giá lịch trình,
Scheduled Flow,Lưu đồ theo lịch trình,
Scope,Phạm vi,
Score,Điểm,
Score Out Of,Điểm tối đa,
Search,Tìm kiếm,
Search by Name,Tìm kiếm theo tên,
Search by Title,Tìm kiếm theo Tiêu đề,
Search by title,Tìm kiếm theo tiêu đề,
Search for an icon,Tìm kiếm một biểu tượng,
Seat Count,Số lượng ghế,
Seat Left,Ghế bên trái,
Seats Left,Số ghế còn lại,
Select a question,Chọn một câu hỏi,
Select a quiz,Chọn một bài kiểm tra,
Select a slot,Chọn một chỗ trống,
Select an assignment,Chọn một bài tập,
Send Confirmation Email,Gửi Email Xác Nhận,
Send calendar invite for evaluations,Gửi lời mời tham gia đánh giá,
Session Defaults,Mặc định phiên,
Sessions On Days,Các phiên họp vào các ngày,
Set your Password,Đặt mật khẩu của bạn,
Settings,Cài đặt,
Share on,Chia sẻ trên,
Short Description,Mô tả ngắn gọn,
Short Introduction,Giới thiệu ngắn gọn,
Short description of the batch,Mô tả ngắn về đợt học,
Show Answer,Hiển thị câu trả lời,
Show Answers,Hiển thị câu trả lời,
Show Keyboard Shortcuts,Hiển thị phím tắt,
Show Submission History,Hiển thị lịch sử bài nộp,
Show Tab in Batch,Hiển thị Tab trong đợt học,
Show USD Equivalent,Hiển thị USD tương đương,
Show day view in timetable,Hiển thị chế độ xem ngày trong thời gian biểu,
Show live class,Hiển thị lớp học trực tiếp,
Shuffle Questions,Trộn câu hỏi,
Shuffle Settings,Cài đặt trộn câu hỏi,
Sidebar,Thanh bên,
Sidebar Items,Các mục thanh bên,
Sign Up is disabled,Đăng ký đã bị vô hiệu hóa,
Sign up,Đăng ký,
Signup Email,Đăng ký Email,
Signup Settings,Cài đặt đăng ký,
Signups,Đăng ký,
Skill,Kỹ năng,
Skill Details,Chi tiết kỹ năng,
Skill Name,Tên kỹ năng,
Skills,Kỹ năng,
Skip,Bỏ qua,
Slot Times are overlapping for some schedules.,Một số lịch trình có thời gian trùng lặp.,
Slug,Slug,
Sold Out,Hết hàng,
Solution,Giải pháp,
Source,Nguồn,
Staff,Nhân viên,
Stage,Sân khấu,
Start,Bắt đầu,
Start Date,Ngày bắt đầu,
Start Date:,Ngày bắt đầu:,
Start Learning,Bắt đầu học,
Start Time,Thời gian bắt đầu,
Start Time cannot be greater than End Time,Thời gian bắt đầu không thể lớn hơn thời gian kết thúc,
Start URL,URL bắt đầu,
State,Tình trạng,
Statistics,Thống kê,
Status,Trạng thái,
Status/Score,Trạng thái/Điểm,
Student,Học viên,
Student Reviews,Nhận ét từ học viên,
Students,Học viên,
Students deleted successfully,Học viên đã óa thành công,
Students will be enrolled in a paid batch once they complete the payment,Học viên sẽ được ghi danh vào đợt học trả phí khi hoàn tất thanh toán,
Subgroup,Nhóm con,
Subject,Môn học,
Submission,Nộp bài,
Submission List,Danh sách nộp bài,
Submission by,Nộp bài bởi,
Submit,Nộp bài,
Submit your resume to proceed with your application for this position. Upon submission, it will be shared with the job poster.,Nộp hồ sơ in việc của bạn để tiếp tục đăng ký cho vị trí này. Sau khi nộp, hồ sơ sẽ được chia sẻ với người đăng tuyển.,
Submitted {0},Đã nộp {0},
Success,Thành công,
Summary,Bản tóm tắt,
Sunday,Chủ nhật,
Suspicious pattern found in {0}: {1},Phát hiện mẫu đáng ngờ trong {0}: {1},
System Manager,Quản lý hệ thống,
Tags,Thẻ,
Tax Category,Danh mục thuế,
Team School,Nhóm trường học,
Template,Bản mẫu,
Temporarily Disabled,Tạm thời vô hiệu hóa,
Terms of Use,Điều khoản sử dụng,
Test Results,Kết quả kiểm tra,
Tests,Kiểm tra,
Text,Văn bản,
Thank you for providing your feedback!,Cảm ơn bạn đã phản hồi!,
Thanks and Regards,Cảm ơn và trân trọng,
The batch is full. Please contact the Administrator.,Đợt học đã đầy. Vui lòng liên hệ với Quản trị viên.,
The batch you have enrolled for is starting tomorrow. Please be prepared and be on time for the session.,Lớp bạn đã đăng ký sẽ bắt đầu vào ngày mai. Vui lòng chuẩn bị và đến đúng giờ cho buổi học.,
The course {0} is now available on {1}.,Khóa học {0} hiện có trên {1}.,
The evaluator of this course is unavailable from {0} to {1}. Please select a date after {1},Người đánh giá khóa học này không có mặt từ {0} đến {1}. Vui lòng chọn ngày sau {1},
The quiz has a time limit. For each question you will be given {0} seconds.,Bài kiểm tra có giới hạn thời gian. Với mỗi câu hỏi, bạn sẽ có {0} giây.,
The slot is already booked by another participant.,Chỗ ngồi này đã được một người tham gia khác đặt.,
The status of your application has changed.,Trạng thái đơn đăng ký của bạn đã thay đổi.,
There are no batches matching the criteria. Keep an eye out, fresh learning experiences are on the way soon!,Không có lô nào khớp với tiêu chí. Hãy chú ý, những trải nghiệm học tập mới sẽ sớm xuất hiện!,
There are no courses matching the criteria. Keep an eye out, fresh learning experiences are on the way soon!,Không có khóa học nào phù hợp với tiêu chí. Hãy chú ý, những trải nghiệm học tập mới sẽ sớm xuất hiện!,
There are no participants matching this criteria.,Không có người tham gia nào phù hợp với tiêu chí này.,
There are no programs available at the moment. Keep an eye out, fresh learning experiences are on the way soon!,Hiện tại không có chương trình nào khả dụng. Hãy chú ý, những trải nghiệm học tập mới sẽ sớm được cập nhật!,
There are no seats available in this batch.,Không còn chỗ trống trong đợt này.,
There are no students in this batch.,Không có học sinh nào trong nhóm này.,
There are no submissions for this assignment.,Không có bài nộp nào cho bài tập này.,
There are no {0} on this site.,Không có {0} nào trên trang web này.,
There has been an update on your submission for assignment {0},Đã có bản cập nhật về bài nộp của bạn cho bài tập {0},
There has been an update on your submission. You have got a score of {0} for the quiz {1},Cập nhật về bài nộp của bạn: Bạn đã đạt {0} điểm cho bài kiểm tra {1},
These customisations will work on the main batch page.,Những thay đổi này sẽ có hiệu lực trên trang chính của đợt học.,
This badge has been awarded to {0} on {1}.,Huy hiệu này đã được trao cho {0} vào ngày {1}.,
This certificate does no expire,Chứng chỉ này không có hạn,
This class has ended,Lớp học này đã kết thúc,
This course has:,Khóa học này có:,
This course is free.,Khóa học này miễn phí.,
This is a chapter in the course {0},Đây là một chương trong khóa học {0},
This lesson is not available for preview. Please enroll in the course to access it.,Bài học này không có sẵn để xem trước. Vui lòng đăng ký khóa học để truy cập.,
This lesson is not available for preview. Please join the course to access it.,Bài học này không có sẵn để xem trước. Vui lòng tham gia khóa học để truy cập.,
This quiz consists of {0} questions.,Bài kiểm tra này bao gồm {0} câu hỏi.,
Thursday,Thứ năm,
Time,Thời gian,
Time Preference,Sở thích thời gian,
Time must be in 24 hour format (HH:mm). Example 11:30 or 22:00,Thời gian phải theo định dạng 24 giờ (HH:mm). Ví dụ 11:30 hoặc 22:00,
Timetable,Lịch trình,
Timetable Legends,Chú giải thời gian biểu,
Timetable Template,Mẫu thời gian biểu,
Timezone,Múi giờ,
Timings:,Thời gian:,
Title,Tiêu đề,
Title is required,Tiêu đề là bắt buộc,
To,ĐẾN,
To Date,Đến ngày,
To join this batch, please contact the Administrator.,Để tham gia đợt này, vui lòng liên hệ với Quản trị viên.,
To upload Image, Video, Audio or PDF from your system, click on the add icon and select upload from the menu. Then choose the file you want to add to the lesson and it gets added to your lesson.,Để tải lên Hình ảnh, Video, Âm thanh hoặc PDF từ hệ thống của bạn, hãy nhấp vào biểu tượng thêm và chọn tải lên từ menu. Sau đó chọn tệp bạn muốn thêm vào bài học và tệp đó sẽ được thêm vào bài học của bạn.,
Toggle Full Width,Chuyển đổi toàn chiều rộng,
Toggle Theme,Chuyển đổi giao diện,
Too many users signed up recently, so the registration is disabled. Please try back in an hour,Quá nhiều người dùng đã đăng ký gần đây, vì vậy việc đăng ký đã bị vô hiệu hóa. Vui lòng thử lại sau một giờ,
Total,Tổng cộng,
Total Marks,Tổng số điểm,
Total Signups,Tổng số đăng ký,
Trigger Primary Action,Kích hoạt hành động chính,
Try Again,Thử lại,
Tuesday,Thứ ba,
Twitter,Twitter,
Type,Loại,
Type your answer,Nhập câu trả lời của bạn,
UK Grading (e.g. 1st, 2:2),Xếp loại của Vương quốc Anh (ví dụ: 1, 2:2),
URL,Địa chỉ URL,
Unavailability,Không có sẵn,
Unavailable From Date cannot be greater than Unavailable To Date,Ngày bắt đầu không khả dụng không thể lớn hơn ngày kết thúc không khả dụng,
Under Review,Đang xem xét,
Unlisted,Không niêm yết,
Unpublished,Chưa xuất bản,
Unsplash,Bỏ qua,
Unsplash Access Key,Khóa truy cập Unsplash,
Upcoming,Sắp tới,
Upcoming Batches,Các đợt học sắp tới,
Upcoming Evaluations,Các đánh giá sắp tớ,
Update,Cập nhật,
Update Password,Cập nhật mật khẩu,
Upload,Tải lên,
Upload File,Tải lên tập tin,
Uploading {0}%,Đang tải lên {0}%,
User,Người sử dụng,
User Category,Loại người dùng,
User Field,Trường người dùng,
User Forum,Diễn đàn người dùng,
User Input,Đầu vào của người dùng,
User Skill,Kỹ năng người dùng,
User {0} has reported the job post {1},Người dùng {0} đã báo cáo bài đăng tuyển dụng {1},
Username,Tên người dùng,
Users Response,Phản hồi của người dùng,
Valid email and name required,Email và tên hợp lệ là bắt buộc,
Value,Giá trị,
Value Change,Thay đổi giá trị,
Video Embed Link,Liên kết nhúng video,
View,Xem,
View Certificate,Xem chứng chỉ,
View Website,Xem trang web,
Visibility,Khả năng hiển thị,
Visit Batch,Ghé thăm đợt học,
Visit the following link to view your,Truy cập liên kết sau để xem,
Volunteering or Internship,Tình nguyện hoặc Thực tập,
We are pleased to inform you that you have been enrolled in our upcoming batch. Congratulations!,Chúng tôi vui mừng thông báo rằng bạn đã được ghi danh vào khóa học sắp tới của chúng tôi. Xin chúc mừng!,
We have a limited number of seats, and they won't be available for long!,Số lượng chỗ ngồi có hạn và sẽ không còn chỗ trong thời gian dài nữa!,
We noticed that you started enrolling in the,Chúng tôi nhận thấy rằng bạn đã bắt đầu ghi danh vào,
Web Page,Trang web,
Wednesday,Thứ Tư,
Welcome to {0}!,Chào mừng đến với {0}!,
What does include in preview mean?,Bao gồm trong bản xem trước có nghĩa là gì?,
When a course gets submitted for review, it will be listed here.,Khi một khóa học được gửi để đánh giá, khóa học đó sẽ được liệt kê ở đây.,
Where did you hear about us?,Bạn biết đến chúng tôi từ đâu?,
With this certification, you can now showcase your updated skills and share your achievement with your colleagues and on LinkedIn. To access your certificate, please click on the link provided below. Make sure you are logged in to the portal.,Với chứng nhận này, giờ đây bạn có thể giới thiệu các kỹ năng đã cập nhật của mình và chia sẻ thành tích của mình với đồng nghiệp và trên LinkedIn. Để truy cập chứng nhận của bạn, vui lòng nhấp vào liên kết được cung cấp bên dưới. Đảm bảo rằng bạn đã đăng nhập vào cổng thông tin.,
Withdrawn,Đã rút lại,
Work Environment,Môi trường làm việc,
Work Experience,Kinh nghiệm làm việc,
Work Experience Details,Chi tiết kinh nghiệm làm việc,
Write a Review,Viết bài đánh giá,
Write a review,Viết bài đánh giá,
Write your answer here,Viết câu trả lời của bạn ở đây,
You already have an evaluation on {0} at {1} for the course {2}.,Bạn đã có đánh giá về {0} tại {1} cho khóa học {2}.,
You are already certified for this course. Click on the card below to open your certificate.,Bạn đã được chứng nhận cho khóa học này. Nhấp vào thẻ bên dưới để mở chứng chỉ của bạn.,
You are already enrolled for this batch.,Bạn đã đăng ký cho đợt này.,
You are already enrolled for this course.,Bạn đã đăng ký khóa học này.,
You are not a member of this batch. Please checkout our upcoming batches.,Bạn không phải là thành viên của đợt này. Vui lòng kiểm tra các đợt tiếp theo của chúng tôi.,
You are not a mentor of the course {0},Bạn không phải là người hướng dẫn của khóa học {0},
You are not enrolled,Bạn chưa đăng ký,
You are not enrolled in this course. Please enroll to access this lesson.,Bạn chưa đăng ký khóa học này. Vui lòng đăng ký để truy cập bài học này.,
You can also copy-paste following link in your browser,Bạn cũng có thể sao chép-dán liên kết sau vào trình duyệt của bạn,
You can attempt this quiz only {0} {1},Bạn chỉ có thể làm bài kiểm tra này {0} {1},
You can attempt this quiz {0}.,Bạn có thể làm bài kiểm tra này {0}.,
You can find their resume attached to this email.,Bạn có thể tìm thấy sơ yếu lý lịch của họ được đính kèm trong email này.,
You cannot schedule evaluations after {0}.,Bạn không thể lên lịch đánh giá sau {0}.,
You cannot schedule evaluations for past slots.,Bạn không thể lên lịch đánh giá cho các khoảng thời gian đã qua.,
You do not have permission to access this page.,Bạn không có quyền truy cập vào trang này.,
You don't have any notifications.,Bạn không có thông báo nào.,
You got,Bạn đã nhận được,
You got {0}% correct answers with a score of {1} out of {2},Bạn đã trả lời đúng {0}% với số điểm là {1} trên {2},
You have a live class scheduled tomorrow. Please be prepared and be on time for the session.,Bạn có một lớp học trực tiếp được lên lịch vào ngày mai. Vui lòng chuẩn bị và đến đúng giờ cho buổi học.,
You have already applied for this job.,Bạn đã nộp đơn xin việc này.,
You have already exceeded the maximum number of attempts allowed for this quiz.,Bạn đã vượt quá số lần làm tối đa được phép cho bài kiểm tra này.,
You have already purchased the certificate for this course.,Bạn đã mua chứng chỉ cho khóa học này.,
You have already reviewed this course,Bạn đã xem xét khóa học này,
You have been enrolled in this batch,Bạn đã được ghi danh vào đợt này,
You have been enrolled in this course,Bạn đã được ghi danh vào khóa học này,
You have exceeded the maximum number of attempts ({0}) for this quiz,Bạn đã vượt quá số lần thử tối đa ({0}) cho bài kiểm tra này,
You have got a score of {0} for the quiz {1},Bạn đã đạt được số điểm {0} cho bài kiểm tra {1},
You have not created any assignments yet. To create a new assignment, click on the "New" button above.,Bạn chưa tạo bài tập nào. Để tạo bài tập mới, hãy nhấp vào nút "Mới" ở trên.,
You have not created any quizzes yet. To create a new quiz, click on the "New Quiz" button above.,Bạn chưa tạo bất kỳ bài kiểm tra nào. Để tạo bài kiểm tra mới, hãy nhấp vào nút "Bài kiểm tra mới" ở trên.,
You have opted to be notified for this course. You will receive an email when the course becomes available.,Bạn đã chọn nhận thông báo về khóa học này. Bạn sẽ nhận được email khi khóa học có sẵn.,
You need to login first to enroll for this course,Bạn cần phải đăng nhập trước để đăng ký khóa học này,
You will have to get {0}% correct answers in order to pass the quiz.,Bạn sẽ phải trả lời đúng {0}% để vượt qua bài kiểm tra.,
You've applied to become a mentor for this course. Your request is currently under review.,Bạn đã nộp đơn xin trở thành cố vấn cho khóa học này. Yêu cầu của bạn hiện đang được xem xét.,
You've successfully submitted the assignment.,Bạn đã nộp bài tập thành công.,
YouTube Video URL,Liên kết video YouTube,
YouTube Video will appear at the top of the lesson.,Video YouTube sẽ xuất hiện ở đầu bài học.,
Your Account has been successfully created!,Tài khoản của bạn đã được tạo thành công!,
Your calendar is set.,Lịch của bạn đã được thiết lập.,
Your evaluation for the course {0} has been scheduled on {1} at {2} {3}.,Đánh giá của bạn cho khóa học {0} đã được lên lịch vào {1} lúc {2} {3}.,
Your evaluation slot has been booked,Chỗ đánh giá của bạn đã được đặt,
Your evaluator is {0},Người đánh giá của bạn là {0},
Your request to join us as a mentor for the course,Yêu cầu của bạn để tham gia với chúng tôi như một người cố vấn cho khóa học,
Your score is,Điểm của bạn là,
Your submission has been successfully saved. The instructor will review and grade it shortly, and you'll be notified of your final result.,Bài nộp của bạn đã được lưu thành công. Giảng viên sẽ xem xét và chấm điểm bài nộp của bạn trong thời gian ngắn, và bạn sẽ được thông báo về kết quả cuối cùng.,
Zoom Settings,Cài đặt thu phóng,
activities,các hoạt động,
activity,hoạt động,
but didn’t complete your payment,nhưng không hoàn tất thanh toán của bạn,
cancel your application,hủy đơn đăng ký của bạn,
completed,hoàn thành,
content,nội dung,
correct answers,câu trả lời đúng,
div,phân chia,
has been,đã được,
header,tiêu đề,
hidden,ẩn giấu,
in the last,trong lần cuối cùng,
instructor-notes,ghi chú của giảng viên,
jane@example.com,jane@example.com,
member,thành viên,
members,thành viên,
of,của,
out of,ra khỏi,
posted,đã đăng,
question_detail,chi tiết câu hỏi,
ratings,xếp hạng,
stars,các ngôi sao,
weeks,tuần,
you can,bạn có thể,
{0} Settings not found,{0} Không tìm thấy cài đặt,
{0} has applied for the job position {1},{0} đã nộp đơn xin việc vào vị trí {1},
{0} has reported a job post for the following reason.,{0} đã báo cáo một bài đăng tuyển dụng vì lý do sau.,
{0} has submitted the assignment {1},{0} đã nộp bài tập {1},
{0} is already a Student of {1} course through {2} batch,{0} đã là Học viên của khóa {1} đến đợt {2},
{0} is already a mentor for course {1},{0} đã là người hướng dẫn cho khóa học {1},
{0} is already a {1} of the course {2},{0} đã là {1} của khóa học {2},
{0} is already certified for the batch {1},{0} đã được chứng nhận cho đợt {1},
{0} is already certified for the course {1},{0} đã được chứng nhận cho khóa học {1},
{0} is your evaluator,{0} là người đánh giá của bạn,
{0} mentioned you in a comment,{0} đã đề cập đến bạn trong một bình luận,
{0} mentioned you in a comment in your batch.,{0} đã đề cập đến bạn trong một bình luận trong đợt học của bạn.,
{0} mentioned you in a comment in {1},{0} đã đề cập đến bạn trong một bình luận trong {1},
{0}k,{0}k,
Account ID,ID tài khoản,
Address,Địa chỉ,
Allow Guest Access,Cho phép khách truy cập,
Allow Self Enrollment,Cho phép tự đăng ký,
Allow accessing future dates,Cho phép truy cập vào các ngày trong tương lai,
Amount,Số tiền,
Amount (USD),Số tiền (USD),
Amount with GST,Số tiền có thuế GST,
Answer,Trả lời,
Apply GST for India,Áp dụng GST cho Ấn Độ,
Apply Rounding on Equivalent,Áp dụng Làm tròn trên Tương đương,
Ask User Category during Signup,Hỏi danh mục người dùng trong quá trình đăng ký,
Assessment,Đánh giá,
Assessment Name,Tên đánh giá,
Assessment Type,Loại đánh giá,
Assessments,Đánh giá,
Assignment,Phân công,
Assignment Attachment,Đính kèm bài tập,
Assignment Submission Template,Mẫu nộp bài tập,
Assignment Title,Tiêu đề bài tập,
Auto Recording,Tự động ghi âm,
Badge,Huy hiệu,
Badge Description,Mô tả huy hiệu,
Badge Image,Hình ảnh huy hiệu,
Batch,Đợt học,
Batch Confirmation Template,Mẫu ác nhận đợt học,
Batch Description,Mô tả đợt học,
Batch Details,Chi tiết đợt học,
Batch Details Raw,Chi tiết đợt học gốc,
Batch Name,Tên đợt học,
Batch Old,Đợt học cũ,
Batch Settings,Cài đặt đợt học,
Batch Title,Tiêu đề đợt học,
Batches,Các đợt học,
Begin Date,Ngày bắt đầu,
Billing Details,Chi tiết thanh toán,
Billing Name,Tên thanh toán,
Body,Nội dung,
Category,Danh mục,
Certificate,Giấy chứng nhận,
Certificate Email Template,Mẫu Email Chứng nhận,
Certification,Chứng nhận,
Certification Name,Tên chứng nhận,
Certified Participants,Người tham gia được chứng nhận,
Chapter,Chương,
Chapters,Chương,
Client ID,Mã khách hàng,
Client Secret,Bí mật của khách hàng,
Code,Mã số,
Cohort,Nhóm học,
Color,Màu sắc,
Comments,Nhận ét,
Company,Công ty,
Completion Certificate,Giấy chứng nhận hoàn thành,
Condition,Tình trạng,
Confirmation Email Sent,Email xác nhận đã được gửi,
Confirmation Email Template,Mẫu Email Xác Nhận,
Content,Nội dung,
Country,Quốc gia,
Course,Khóa học,
Course Chapter,Chương trình học,
Course Settings,Cài đặt khóa học,
Course Title,Tiêu đề khóa học,
Courses,Các khóa học,
Currency,Tiền tệ,
Current Lesson,Bài học hiện tại,
Custom HTML,HTML tùy chỉnh,
Custom Script (JavaScript),Tập lệnh tùy chỉnh (JavaScript),
Custom Signup Content,Nội dung đăng ký tùy chỉnh,
Customisations,Tùy chỉnh,
Dashboard,Bảng điều khiển,
Date,Ngày,
Date and Time,Ngày và giờ,
Day,Ngày,
Default Currency,Tiền tệ mặc định,
Degree Type,Loại Bằng Cấp,
Description,Mô tả,
Disable Self Learning,Tắt tính năng tự học,
Discussions,Thảo luận,
Duration,Khoảng thời gian,
Duration (in minutes),Thời lượng (tính bằng phút),
E-Mail,E-mail,
E-mail,E-mail,
Email Sent,Email đã gửi,
Email Templates,Mẫu Email,
Emails,Email,
Enable,Cho phép,
Enable Learning Paths,Kích hoạt Đường dẫn học tập,
Enabled,Đã kích hoạt,
End Date,Ngày kết thúc,
End Date (or expected),Ngày kết thúc (hoặc dự kiến),
End Time,Thời gian kết thúc,
Enrollments,Đăng ký,
Evaluation Details,Chi tiết đánh giá,
Evaluation End Date,Ngày kết thúc đánh giá,
Evaluator,Người đánh giá,
Evaluator Name,Tên người đánh giá,
Event,Sự kiện,
Exercise,Bài tập,
Exercise Title,Tiêu đề bài tập,
Expiration Date,Ngày hết hạn,
Expiry Date,Ngày hết hạn,
Explanation,Giải thích,
Explanation,Giải thích,
Featured,Nổi bật,
Feedback,Nhận xét,
Field To Check,Trường để kiểm tra,
Field of Major/Study,Ngành học chính,
File Type,Loại tập tin,
From,Từ,
From Date,Từ ngày,
Full Name,Họ và tên đầy đủ,
Function,Chức năng,
GSTIN,Mã số thuế,
General,Tổng quan,
Google Meet Link,Liên kết Google Meet,
Grade,Điểm,
Grade Assignment,Chấm điểm bài tập,
Grade Type,Loại chấm điểm,
Grant only once,Chỉ cấp một lần,
Hints,Gợi ý,
Host,Người tổ chức,
I am currently working here,Tôi hiện đang làm việc ở đây,
Icon,Biểu tượng,
Image,Hình ảnh,
Include In Preview,Bao gồm trong bản xem trước,
Index,Chỉ mục,
Index Label,Nhãn chỉ mục,
Industry,Ngành công nghiệp,
Institution Name,Tên ngành công nghiệp,
Instructor,Giảng viên,
Instructor Content,Nội dung bài giảng,
Instructor Notes,Ghi chú của giảng viên,
Instructors,Giảng viên,
Invite Code,Mã mời,
Invite Email,Email mời,
Is Correct,Đúng,
Is Onboarding Complete,Đã hoàn thành quá trình onboard,
Is SCORM Package,Là Gói SCORM,
Issue Date,Ngày phát hành,
Issued On,Đã phát hành vào,
Items in Sidebar,Các mục trong thanh bên,
Jobs,Công việc,
Join URL,Tham gia URL,
Label,Nhãn,
Latest Submission,Lần nộp bài mới nhất,
Launch File,Khởi chạy tập tin,
Lesson,Bài học,
Lesson Title,Tiêu đề bài học,
Lessons,Bài học,
Limit Questions To,Giới hạn câu hỏi đến,
Live Class,Lớp học trực tiếp,
LiveCode URL,URL LiveCode,
Location,Vị trí,
Make LMS the default home,Đặt LMS làm trang chủ mặc định,
Manifest File,Tệp mô tả,
Marks,Điểm,
Marks out of,Điểm tối đa,
Max Attempts,Số lần thử tối đa,
Medium,Trung bình,
Member,Thành viên,
Member Cohort,Nhóm thành viên,
Member Email,Email thành viên,
Member Image,Hình ảnh thành viên,
Member Name,Tên thành viên,
Member Subgroup,Nhóm thành viên phụ,
Member Type,Loại thành viên,
Member Username,Tên đăng nhập của thành viên,
Membership,Thành viên,
Memeber Username,Tên đăng nhập của thành viên,
Mentor,Cố vấn,
Mentor Name,Tên người cố vấn,
Mentor Request,Yêu cầu cố vấn,
Mentor Request Creation Template,Mẫu tạo yêu cầu cố vấn,
Mentor Request Status Update Template,Mẫu cập nhật trạng thái yêu cầu cố vấn,
Meta Image,Hình ảnh đại diện,
Milestone,Mốc quan trọng,
Multiple Correct Answers,Nhiều câu trả lời đúng,
Notifications,Thông báo,
OAuth Client ID,ID khách hàng OAuth,
Option,Lựa chọn,
Option 1,Lựa chọn 1,
Option 2,Lựa chọn 2,
Option 3,Lựa chọn 3,
Option 4,Lựa chọn 4,
Order ID,Mã đơn hàng,
Organization,Tổ chức,
PAN,PAN,
Pages,Các trang,
Paid Batch,Đợt học trả phí,
Paid Certificate,Chứng chỉ trả phí,
Paid Course,Khóa học trả phí,
Passing Percentage,Tỷ lệ đạt,
Password,Mật khẩu,
Payment,Thanh toán,
Payment Details,Chi tiết thanh toán,
Payment Gateway,Cổng thanh toán,
Payment ID,Mã số thanh toán,
Payment Received,Thanh toán đã nhận,
Payment Reminder Template,Mẫu nhắc nhở thanh toán,
Payment Settings,Cài đặt thanh toán,
Payment for Certificate,Thanh toán cho chứng chỉ,
Payment for Document,Thanh toán cho Tài liệu,
Payment for Document Type,Thanh toán cho loại tài liệu,
Payments app is not installed,Ứng dụng thanh toán chưa được cài đặt,
Percentage,Phần trăm,
Possible Answer 1,Câu trả lời có thể 1,
Possible Answer 2,Câu trả lời có thể 2,
Possible Answer 3,Câu trả lời có thể 3,
Possible Answer 4,Câu trả lời có thể 4,
Preview Image,Xem trước hình ảnh,
Pricing,Giá cả,
Pricing and Certification,Giá cả và chứng nhận,
Primary Countries,Các quốc gia chính,
Primary Subgroup,Nhóm phụ chính,
Program Courses,Chương trình khóa học,
Program Members,Thành viên chương trình,
Progress,Tiến độ,
Publish on Participant Page,Xuất bản trên Trang người tham gia,
Published,Đã xuất bản,
Published On,Đã xuất bản trên,
Purchased Certificate,Giấy chứng nhận đã mua,
Question,Câu hỏi,
Question Detail,Chi tiết câu hỏi,
Question Name,Tên câu hỏi,
Questions,Câu hỏi,
Quiz,Đố vui,
Quiz ID,Mã số bài kiểm tra,
Quiz Title,Tiêu đề bài kiểm tra,
Rating,Xếp hạng,
Reference DocName,Tài liệu tham khảo,
Reference DocType,Tài liệu tham khảo,
Reference Document Type,Loại tài liệu tham khảo,
Related Courses,Các khóa học liên quan,
Required Role,Vai trò bắt buộc,
Result,Kết quả,
Review,Ôn tập,
Reviewed By,Đã được đánh giá bởi,
Role,Vai trò,
Route,Lộ trình,
SCORM,SCORM,
SCORM Package,Gói SCORM,
SCORM Package Path,Đường dẫn gói SCORM,
Schedule,Lịch trình,
Scope,Phạm vi,
Score,Điểm,
Score Out Of,Điểm tối đa,
Seat Count,Số lượng ghế,
Send calendar invite for evaluations,Gửi lời mời tham gia đánh giá,
Sessions On Days,Các phiên học theo ngày,
Short Introduction,Giới thiệu ngắn gọn,
Show Answer,Hiển thị câu trả lời,
Show Answers,Hiển thị câu trả lời,
Show Submission History,Hiển thị lịch sử nộp bài,
Show Tab in Batch,Hiển thị tab trong đợt học,
Show USD Equivalent,Hiển thị USD tương đương,
Show day view in timetable,Hiển thị chế độ xem ngày trong thời gian biểu,
Show live class,Hiển thị lớp học trực tiếp,
Shuffle Questions,Trộn câu hỏi,
Sidebar,Thanh bên,
Sidebar Items,Các mục thanh bên,
Signup Email,Đăng ký Email,
Signup Settings,Cài đặt đăng ký,
Skill,Kỹ năng,
Skill Name,Tên kỹ năng,
Slug,Đoạn mã,
Solution,Giải pháp,
Source,Nguồn,
Stage,Giai đoạn,
Start Date,Ngày bắt đầu,
Start Time,Thời gian bắt đầu,
Start URL,URL bắt đầu,
Statistics,Thống kê,
Status,Trạng thái,
Students,Học viên,
Subgroup,Nhóm con,
Summary,Bản tóm tắt,
Tags,Thẻ,
Template,Bản mẫu,
Test Results,Kết quả kiểm tra,
Tests,Kiểm tra,
This certificate does no expire,Chứng chỉ này không hết hạn,
Time,Thời gian,
Timetable,Lịch trình,
Timetable Legends,Chú giải lịch biểu,
Timetable Template,Mẫu thời gian biểu,
Timezone,Múi giờ,
Title,Tiêu đề,
To,ĐẾN,
To Date,Đến ngày,
Total Marks,Tổng số điểm,
Type,Loại,
Unavailability,Không khả dụng,
Unsplash Access Key,Khóa truy cập Unsplash,
Upcoming,Sắp diễn ra,
User,Người sử dụng,
User Field,Trường người dùng,
Username,Tên người dùng,
Users Response,Phản hồi của người dùng,
Value,Giá trị,
Video Embed Link,Liên kết nhúng video,
Visibility,Khả năng hiển thị,
Web Page,Trang web,
YouTube Video URL,Liên kết video YouTube,
Select language,Lựa chọn ngôn ngữ,
Vietnamese,Tiếng việt,
English,Tiếng anh,
Collapse,Thu gọn,
Powered by Learning,Được cung cấp bởi Learning,
Log out,Đăng xuất,
Log in,Đăng nhập
Login to Frappe Cloud,Đăng nhập vào Frappe Cloud,
Learning,Học tập,
